Year,Host_country,Host_city,Country_Name,Country_Code,Gold,Silver,Bronze,Total,Population,GDP_USD,GDP_per_capita_USD
1960,Italy,Rome,United States,USA,34,21,16,71,180671000,22996100000000.0,69287.53659
1960,Italy,Rome,Italy,ITA,13,10,13,36,50199700,2099880000000.0,35551.28499
1960,Italy,Rome,Australia,AUS,8,8,6,22,10276477,1542660000000.0,59934.12941
1960,Italy,Rome,Poland,POL,4,6,11,21,29637450,674048000000.0,17840.92105
1960,Italy,Rome,Hungary,HUN,6,8,7,21,9983967,182281000000.0,18772.67329
1960,Italy,Rome,Japan,JPN,4,7,7,18,93216000,4937420000000.0,39285.16311
1960,Italy,Rome,Romania,ROU,3,1,6,10,18406905,284088000000.0,14861.90917
1960,Italy,Rome,Bulgaria,BUL,1,3,3,7,7867374,80271119426.0,11634.97102
1960,Italy,Rome,Sweden,SWE,1,2,3,6,7484656,627438000000.0,60238.98656
1960,Italy,Rome,Denmark,DEN,2,3,1,6,4579603,397104000000.0,67803.0471
1960,Italy,Rome,Switzerland,SUI,0,3,3,6,5327827,812867000000.0,93457.4404
1960,Italy,Rome,Finland,FIN,1,1,3,5,4429634,299155000000.0,53982.61427
1960,Italy,Rome,France,FRA,0,2,3,5,46649927,2937470000000.0,43518.53851
1960,Italy,Rome,Belgium,BEL,0,2,2,4,9153489,599879000000.0,51767.78857
1960,Italy,Rome,New Zealand,NZL,2,0,1,3,2371800,249992000000.0,48801.68513
1960,Italy,Rome,Netherlands,NED,0,1,2,3,11486631,1018010000000.0,58061.00167
1960,Italy,Rome,South Africa,RSA,0,1,2,3,16520441,419946000000.0,6994.211654
1960,Italy,Rome,Austria,AUT,1,1,0,2,7047539,477082000000.0,53267.93275
1960,Italy,Rome,Pakistan,PAK,1,0,1,2,45954226,346343000000.0,1537.936411
1960,Italy,Rome,Brazil,BRA,0,0,2,2,73092515,1608980000000.0,7518.834284
1960,Italy,Rome,Argentina,ARG,0,1,1,2,20349744,491493000000.0,10729.23258
1960,Italy,Rome,Greece,GRE,1,0,0,1,8331725,216241000000.0,20276.54467
1960,Italy,Rome,Norway,NOR,1,0,0,1,3581239,482437000000.0,89202.75054
1960,Italy,Rome,Ethiopia,ETH,1,0,0,1,21739710,111271000000.0,943.9656842
1960,Italy,Rome,Singapore,SIN,0,1,0,1,1646400,396987000000.0,72794.00302
1960,Italy,Rome,Morocco,MAR,0,1,0,1,11769774,132725000000.0,3496.758301
1960,Italy,Rome,Portugal,POR,0,1,0,1,8857716,249886000000.0,24262.18094
1960,Italy,Rome,Spain,ESP,0,0,1,1,30455000,1425280000000.0,30115.70589
1960,Italy,Rome,Iraq,IRQ,0,0,1,1,7084678,207889000000.0,5048.387813
1960,Italy,Rome,Mexico,MEX,0,0,1,1,36268055,1293040000000.0,9926.422768
1960,Italy,Rome,India,IND,0,1,0,1,445954579,3173400000000.0,2277.434347
1960,Italy,Rome,Canada,CAN,0,1,0,1,17909356,1990760000000.0,52051.35146
1960,Italy,Rome,Ghana,GHA,0,1,0,1,6911510,77594279055.0,2445.290749
1964,Japan,Tokyo,United States,USA,36,26,28,90,191889000,22996100000000.0,69287.53659
1964,Japan,Tokyo,Japan,JPN,16,5,8,29,96903000,4937420000000.0,39285.16311
1964,Japan,Tokyo,Italy,ITA,10,10,7,27,51675350,2099880000000.0,35551.28499
1964,Japan,Tokyo,Poland,POL,7,6,10,23,31139450,674048000000.0,17840.92105
1964,Japan,Tokyo,Hungary,HUN,10,7,5,22,10119835,182281000000.0,18772.67329
1964,Japan,Tokyo,Australia,AUS,6,2,10,18,11167000,1542660000000.0,59934.12941
1964,Japan,Tokyo,France,FRA,1,8,6,15,48733997,2937470000000.0,43518.53851
1964,Japan,Tokyo,Romania,ROU,2,4,6,12,18919126,284088000000.0,14861.90917
1964,Japan,Tokyo,Bulgaria,BUL,3,5,2,10,8144340,80271119426.0,11634.97102
1964,Japan,Tokyo,Netherlands,NED,2,4,4,10,12127120,1018010000000.0,58061.00167
1964,Japan,Tokyo,Sweden,SWE,2,2,4,8,7661354,627438000000.0,60238.98656
1964,Japan,Tokyo,Denmark,DEN,2,1,3,6,4722072,397104000000.0,67803.0471
1964,Japan,Tokyo,New Zealand,NZL,3,0,2,5,2585400,249992000000.0,48801.68513
1964,Japan,Tokyo,Finland,FIN,3,0,2,5,4548543,299155000000.0,53982.61427
1964,Japan,Tokyo,Canada,CAN,1,2,1,4,19325000,1990760000000.0,52051.35146
1964,Japan,Tokyo,Switzerland,SUI,1,2,1,4,5789228,812867000000.0,93457.4404
1964,Japan,Tokyo,Belgium,BEL,2,0,1,3,9378113,599879000000.0,51767.78857
1964,Japan,Tokyo,Trinidad and Tobago,TRI,0,1,2,3,913399,21391802311.0,15243.12287
1964,Japan,Tokyo,Tunisia,TUN,0,1,1,2,4389417,46840042941.0,3924.343925
1964,Japan,Tokyo,Ethiopia,ETH,1,0,0,1,24073696,111271000000.0,943.9656842
1964,Japan,Tokyo,India,IND,1,0,0,1,489059309,3173400000000.0,2277.434347
1964,Japan,Tokyo,Ireland,IRL,0,0,1,1,2866550,498560000000.0,99152.10257
1964,Japan,Tokyo,Kenya,KEN,0,0,1,1,9047387,110347000000.0,2006.83224
1964,Japan,Tokyo,Brazil,BRA,0,0,1,1,82262794,1608980000000.0,7518.834284
1964,Japan,Tokyo,Ghana,GHA,0,0,1,1,7640196,77594279055.0,2445.290749
1964,Japan,Tokyo,Uruguay,URU,0,0,1,1,2652376,59319547636.0,17020.64864
1964,Japan,Tokyo,Mexico,MEX,0,0,1,1,41333878,1293040000000.0,9926.422768
1964,Japan,Tokyo,Nigeria,NGR,0,0,1,1,48856332,440777000000.0,2085.030765
1964,Japan,Tokyo,Argentina,ARG,0,1,0,1,21708487,491493000000.0,10729.23258
1964,Japan,Tokyo,Philippines,PHI,0,1,0,1,31916622,394086000000.0,3548.828323
1964,Japan,Tokyo,Pakistan,PAK,0,1,0,1,50552592,346343000000.0,1537.936411
1968,Mexico,Mexico City,United States,USA,45,28,34,107,200706000,22996100000000.0,69287.53659
1968,Mexico,Mexico City,Hungary,HUN,10,10,12,32,10255815,182281000000.0,18772.67329
1968,Mexico,Mexico City,Japan,JPN,11,7,7,25,101011000,4937420000000.0,39285.16311
1968,Mexico,Mexico City,Poland,POL,5,2,11,18,32294655,674048000000.0,17840.92105
1968,Mexico,Mexico City,Australia,AUS,5,7,5,17,12009000,1542660000000.0,59934.12941
1968,Mexico,Mexico City,Italy,ITA,3,4,9,16,53235750,2099880000000.0,35551.28499
1968,Mexico,Mexico City,Romania,ROU,4,6,5,15,19799831,284088000000.0,14861.90917
1968,Mexico,Mexico City,France,FRA,7,3,5,15,50817020,2937470000000.0,43518.53851
1968,Mexico,Mexico City,Mexico,MEX,3,3,3,9,47170337,1293040000000.0,9926.422768
1968,Mexico,Mexico City,Kenya,KEN,3,4,2,9,10613877,110347000000.0,2006.83224
1968,Mexico,Mexico City,Bulgaria,BUL,2,4,3,9,8369603,80271119426.0,11634.97102
1968,Mexico,Mexico City,Denmark,DEN,1,4,3,8,4864883,397104000000.0,67803.0471
1968,Mexico,Mexico City,Netherlands,NED,3,3,1,7,12729721,1018010000000.0,58061.00167
1968,Mexico,Mexico City,Canada,CAN,1,3,1,5,20744000,1990760000000.0,52051.35146
1968,Mexico,Mexico City,Switzerland,SUI,0,1,4,5,6067714,812867000000.0,93457.4404
1968,Mexico,Mexico City,Sweden,SWE,2,1,1,4,7912273,627438000000.0,60238.98656
1968,Mexico,Mexico City,Mongolia,MGL,0,1,3,4,1230406,15098022829.0,4534.918589
1968,Mexico,Mexico City,Finland,FIN,1,2,1,4,4626469,299155000000.0,53982.61427
1968,Mexico,Mexico City,Austria,AUT,0,2,2,4,7415403,477082000000.0,53267.93275
1968,Mexico,Mexico City,Brazil,BRA,0,1,2,3,91659246,1608980000000.0,7518.834284
1968,Mexico,Mexico City,New Zealand,NZL,1,0,2,3,2748100,249992000000.0,48801.68513
1968,Mexico,Mexico City,Uganda,UGA,0,1,1,2,9696370,40434701517.0,858.0575127
1968,Mexico,Mexico City,Belgium,BEL,0,1,1,2,9618756,599879000000.0,51767.78857
1968,Mexico,Mexico City,Argentina,ARG,0,0,2,2,23112971,491493000000.0,10729.23258
1968,Mexico,Mexico City,Tunisia,TUN,1,0,1,2,4785003,46840042941.0,3924.343925
1968,Mexico,Mexico City,Norway,NOR,1,1,0,2,3816486,482437000000.0,89202.75054
1968,Mexico,Mexico City,Ethiopia,ETH,1,1,0,2,26778653,111271000000.0,943.9656842
1968,Mexico,Mexico City,Cameroon,CMR,0,1,0,1,6127193,45238613480.0,1661.702105
1968,Mexico,Mexico City,India,IND,0,0,1,1,533431909,3173400000000.0,2277.434347
1968,Mexico,Mexico City,Greece,GRE,0,0,1,1,8740765,216241000000.0,20276.54467
1968,Mexico,Mexico City,Jamaica,JAM,0,1,0,1,1812209,13638230996.0,4586.650509
1968,Mexico,Mexico City,Pakistan,PAK,1,0,0,1,56124743,346343000000.0,1537.936411
1972,West Germany,Munich,United States,USA,33,31,30,94,209896000,22996100000000.0,69287.53659
1972,West Germany,Munich,Hungary,HUN,6,13,16,35,10398489,182281000000.0,18772.67329
1972,West Germany,Munich,Japan,JPN,13,8,8,29,107188000,4937420000000.0,39285.16311
1972,West Germany,Munich,Bulgaria,BUL,6,10,5,21,8576200,80271119426.0,11634.97102
1972,West Germany,Munich,Poland,POL,7,5,9,21,33055650,674048000000.0,17840.92105
1972,West Germany,Munich,Italy,ITA,5,3,10,18,54381345,2099880000000.0,35551.28499
1972,West Germany,Munich,Australia,AUS,8,7,2,17,13177000,1542660000000.0,59934.12941
1972,West Germany,Munich,Sweden,SWE,4,6,6,16,8122300,627438000000.0,60238.98656
1972,West Germany,Munich,Romania,ROU,3,6,7,16,20657957,284088000000.0,14861.90917
1972,West Germany,Munich,France,FRA,2,4,7,13,52637888,2937470000000.0,43518.53851
1972,West Germany,Munich,Kenya,KEN,2,3,4,9,12322903,110347000000.0,2006.83224
1972,West Germany,Munich,Finland,FIN,3,1,4,8,4639657,299155000000.0,53982.61427
1972,West Germany,Munich,Canada,CAN,0,2,3,5,22218463,1990760000000.0,52051.35146
1972,West Germany,Munich,Netherlands,NED,3,1,1,5,13328593,1018010000000.0,58061.00167
1972,West Germany,Munich,Norway,NOR,2,1,1,4,3933004,482437000000.0,89202.75054
1972,West Germany,Munich,Switzerland,SUI,0,3,0,3,6260956,812867000000.0,93457.4404
1972,West Germany,Munich,New Zealand,NZL,1,1,1,3,2903900,249992000000.0,48801.68513
1972,West Germany,Munich,Austria,AUT,0,1,2,3,7544201,477082000000.0,53267.93275
1972,West Germany,Munich,Colombia,COL,0,1,2,3,21898055,314322000000.0,6131.225922
1972,West Germany,Munich,Uganda,UGA,1,1,0,2,10885563,40434701517.0,858.0575127
1972,West Germany,Munich,Ethiopia,ETH,0,0,2,2,29891328,111271000000.0,943.9656842
1972,West Germany,Munich,Brazil,BRA,0,0,2,2,101194394,1608980000000.0,7518.834284
1972,West Germany,Munich,Belgium,BEL,0,2,0,2,9711115,599879000000.0,51767.78857
1972,West Germany,Munich,Greece,GRE,0,2,0,2,8888628,216241000000.0,20276.54467
1972,West Germany,Munich,Denmark,DEN,1,0,0,1,4991596,397104000000.0,67803.0471
1972,West Germany,Munich,Jamaica,JAM,0,0,1,1,1915299,13638230996.0,4586.650509
1972,West Germany,Munich,India,IND,0,0,1,1,582837973,3173400000000.0,2277.434347
1972,West Germany,Munich,Ghana,GHA,0,0,1,1,9365952,77594279055.0,2445.290749
1972,West Germany,Munich,Spain,ESP,0,0,1,1,34604469,1425280000000.0,30115.70589
1972,West Germany,Munich,Nigeria,NGR,0,0,1,1,58173834,440777000000.0,2085.030765
1972,West Germany,Munich,Niger,NIG,0,0,1,1,4926318,14950949875.0,594.9251089
1972,West Germany,Munich,Tunisia,TUN,0,1,0,1,5320148,46840042941.0,3924.343925
1972,West Germany,Munich,Pakistan,PAK,0,1,0,1,62509565,346343000000.0,1537.936411
1972,West Germany,Munich,Mongolia,MGL,0,1,0,1,1363835,15098022829.0,4534.918589
1972,West Germany,Munich,Mexico,MEX,0,1,0,1,53543436,1293040000000.0,9926.422768
1972,West Germany,Munich,Lebanon,LIB,0,1,0,1,2505965,18076624840.0,2670.441956
1972,West Germany,Munich,Argentina,ARG,0,1,0,1,24612794,491493000000.0,10729.23258
1976,Canada,Montreal,United States,USA,34,35,25,94,218035000,22996100000000.0,69287.53659
1976,Canada,Montreal,Romania,ROU,4,9,14,27,21551634,284088000000.0,14861.90917
1976,Canada,Montreal,Poland,POL,7,6,13,26,34356300,674048000000.0,17840.92105
1976,Canada,Montreal,Japan,JPN,9,6,10,25,112775000,4937420000000.0,39285.16311
1976,Canada,Montreal,Bulgaria,BUL,6,9,7,22,8758599,80271119426.0,11634.97102
1976,Canada,Montreal,Hungary,HUN,4,5,13,22,10598677,182281000000.0,18772.67329
1976,Canada,Montreal,Italy,ITA,2,7,4,13,55718260,2099880000000.0,35551.28499
1976,Canada,Montreal,Canada,CAN,0,5,6,11,23449808,1990760000000.0,52051.35146
1976,Canada,Montreal,France,FRA,2,3,4,9,53966558,2937470000000.0,43518.53851
1976,Canada,Montreal,Finland,FIN,4,2,0,6,4725664,299155000000.0,53982.61427
1976,Canada,Montreal,Belgium,BEL,0,3,3,6,9818227,599879000000.0,51767.78857
1976,Canada,Montreal,Sweden,SWE,4,1,0,5,8222286,627438000000.0,60238.98656
1976,Canada,Montreal,Australia,AUS,0,1,4,5,14033000,1542660000000.0,59934.12941
1976,Canada,Montreal,Netherlands,NED,0,2,3,5,13774037,1018010000000.0,58061.00167
1976,Canada,Montreal,Switzerland,SUI,1,1,2,4,6302504,812867000000.0,93457.4404
1976,Canada,Montreal,New Zealand,NZL,2,1,1,4,3110500,249992000000.0,48801.68513
1976,Canada,Montreal,Denmark,DEN,1,0,2,3,5072596,397104000000.0,67803.0471
1976,Canada,Montreal,Portugal,POR,0,2,0,2,9355810,249886000000.0,24262.18094
1976,Canada,Montreal,Spain,ESP,0,2,0,2,36137812,1425280000000.0,30115.70589
1976,Canada,Montreal,Brazil,BRA,0,0,2,2,111286504,1608980000000.0,7518.834284
1976,Canada,Montreal,Norway,NOR,1,1,0,2,4026152,482437000000.0,89202.75054
1976,Canada,Montreal,Jamaica,JAM,1,1,0,2,2029486,13638230996.0,4586.650509
1976,Canada,Montreal,Mexico,MEX,1,0,1,2,60452543,1293040000000.0,9926.422768
1976,Canada,Montreal,Pakistan,PAK,0,0,1,1,70230923,346343000000.0,1537.936411
1976,Canada,Montreal,Thailand,THA,0,0,1,1,41882128,505982000000.0,7233.388858
1976,Canada,Montreal,Austria,AUT,0,0,1,1,7565525,477082000000.0,53267.93275
1976,Canada,Montreal,Bermuda,BER,0,0,1,1,53200,7080900000.0,110869.4631
1976,Canada,Montreal,Mongolia,MGL,0,1,0,1,1529084,15098022829.0,4534.918589
1976,Canada,Montreal,Trinidad and Tobago,TRI,1,0,0,1,1067696,21391802311.0,15243.12287
1980,Soviet Union,Moscow,Bulgaria,BUL,8,16,17,41,8861535,80271119426.0,11634.97102
1980,Soviet Union,Moscow,Hungary,HUN,7,10,15,32,10711122,182281000000.0,18772.67329
1980,Soviet Union,Moscow,Poland,POL,3,14,15,32,35574150,674048000000.0,17840.92105
1980,Soviet Union,Moscow,Romania,ROU,6,6,13,25,22207282,284088000000.0,14861.90917
1980,Soviet Union,Moscow,Italy,ITA,8,3,4,15,56433883,2099880000000.0,35551.28499
1980,Soviet Union,Moscow,France,FRA,6,5,3,14,55052582,2937470000000.0,43518.53851
1980,Soviet Union,Moscow,Sweden,SWE,3,3,6,12,8310531,627438000000.0,60238.98656
1980,Soviet Union,Moscow,Australia,AUS,2,2,5,9,14692000,1542660000000.0,59934.12941
1980,Soviet Union,Moscow,Finland,FIN,3,1,4,8,4779535,299155000000.0,53982.61427
1980,Soviet Union,Moscow,Spain,ESP,1,3,2,6,37491165,1425280000000.0,30115.70589
1980,Soviet Union,Moscow,Denmark,DEN,2,1,2,5,5123027,397104000000.0,67803.0471
1980,Soviet Union,Moscow,Ethiopia,ETH,2,0,2,4,34945469,111271000000.0,943.9656842
1980,Soviet Union,Moscow,Mexico,MEX,0,1,3,4,67705186,1293040000000.0,9926.422768
1980,Soviet Union,Moscow,Mongolia,MGL,0,2,2,4,1697780,15098022829.0,4534.918589
1980,Soviet Union,Moscow,Brazil,BRA,2,0,2,4,122288383,1608980000000.0,7518.834284
1980,Soviet Union,Moscow,Austria,AUT,1,2,1,4,7549433,477082000000.0,53267.93275
1980,Soviet Union,Moscow,Netherlands,NED,0,1,2,3,14149800,1018010000000.0,58061.00167
1980,Soviet Union,Moscow,Jamaica,JAM,0,0,3,3,2135546,13638230996.0,4586.650509
1980,Soviet Union,Moscow,Greece,GRE,1,0,2,3,9642505,216241000000.0,20276.54467
1980,Soviet Union,Moscow,Tanzania,TAN,0,2,0,2,19297659,67775101794.0,1135.539673
1980,Soviet Union,Moscow,Ireland,IRL,0,1,1,2,3412800,498560000000.0,99152.10257
1980,Soviet Union,Moscow,Switzerland,SUI,2,0,0,2,6319408,812867000000.0,93457.4404
1980,Soviet Union,Moscow,Zimbabwe,ZIM,1,0,0,1,7049926,26217726717.0,1737.173977
1980,Soviet Union,Moscow,Guyana,GUY,0,0,1,1,778176,7409179921.0,9374.80457
1980,Soviet Union,Moscow,Lebanon,LIB,0,0,1,1,2963702,18076624840.0,2670.441956
1980,Soviet Union,Moscow,Uganda,UGA,0,1,0,1,13284026,40434701517.0,858.0575127
1980,Soviet Union,Moscow,Belgium,BEL,1,0,0,1,9859242,599879000000.0,51767.78857
1980,Soviet Union,Moscow,India,IND,1,0,0,1,696828385,3173400000000.0,2277.434347
1984,United States,Los Angeles,United States,USA,83,61,30,174,235825000,22996100000000.0,69287.53659
1984,United States,Los Angeles,Romania,ROU,20,16,17,53,22640547,284088000000.0,14861.90917
1984,United States,Los Angeles,Canada,CAN,10,18,16,44,25607053,1990760000000.0,52051.35146
1984,United States,Los Angeles,Japan,JPN,10,8,14,32,120083000,4937420000000.0,39285.16311
1984,United States,Los Angeles,China,CHN,15,8,9,32,1036825000,17734100000000.0,12556.33312
1984,United States,Los Angeles,Italy,ITA,14,6,12,32,56576718,2099880000000.0,35551.28499
1984,United States,Los Angeles,France,FRA,5,7,16,28,56275701,2937470000000.0,43518.53851
1984,United States,Los Angeles,Australia,AUS,4,8,12,24,15579391,1542660000000.0,59934.12941
1984,United States,Los Angeles,Sweden,SWE,2,11,6,19,8336605,627438000000.0,60238.98656
1984,United States,Los Angeles,Netherlands,NED,5,2,6,13,14424211,1018010000000.0,58061.00167
1984,United States,Los Angeles,Finland,FIN,4,2,6,12,4881803,299155000000.0,53982.61427
1984,United States,Los Angeles,New Zealand,NZL,8,1,2,11,3227100,249992000000.0,48801.68513
1984,United States,Los Angeles,Switzerland,SUI,0,4,4,8,6441865,812867000000.0,93457.4404
1984,United States,Los Angeles,Brazil,BRA,1,5,2,8,133888775,1608980000000.0,7518.834284
1984,United States,Los Angeles,Denmark,DEN,0,3,3,6,5111619,397104000000.0,67803.0471
1984,United States,Los Angeles,Mexico,MEX,2,3,1,6,73489654,1293040000000.0,9926.422768
1984,United States,Los Angeles,Spain,ESP,1,2,2,5,38330364,1425280000000.0,30115.70589
1984,United States,Los Angeles,Belgium,BEL,1,1,2,4,9855372,599879000000.0,51767.78857
1984,United States,Los Angeles,Portugal,POR,1,0,2,3,9996232,249886000000.0,24262.18094
1984,United States,Los Angeles,Kenya,KEN,1,0,2,3,18753176,110347000000.0,2006.83224
1984,United States,Los Angeles,Austria,AUT,1,1,1,3,7561434,477082000000.0,53267.93275
1984,United States,Los Angeles,Norway,NOR,0,1,2,3,4140099,482437000000.0,89202.75054
1984,United States,Los Angeles,Jamaica,JAM,0,1,2,3,2264095,13638230996.0,4586.650509
1984,United States,Los Angeles,Algeria,ALG,0,0,2,2,21393530,167983000000.0,3765.034625
1984,United States,Los Angeles,Greece,GRE,0,1,1,2,9895801,216241000000.0,20276.54467
1984,United States,Los Angeles,Nigeria,NGR,0,1,1,2,81337553,440777000000.0,2085.030765
1984,United States,Los Angeles,Morocco,MAR,2,0,0,2,21817271,132725000000.0,3496.758301
1984,United States,Los Angeles,Colombia,COL,0,1,0,1,28689032,314322000000.0,6131.225922
1984,United States,Los Angeles,Zambia,ZAM,0,0,1,1,6488072,21203059080.0,1120.630171
1984,United States,Los Angeles,Dominican Republic,DOM,0,0,1,1,6282104,94243453937.0,8603.789905
1984,United States,Los Angeles,Iceland,ISL,0,0,1,1,239511,25458933916.0,68383.76534
1984,United States,Los Angeles,Peru,PER,0,1,0,1,19285646,223249000000.0,6692.248375
1984,United States,Los Angeles,Ireland,IRL,0,1,0,1,3532423,498560000000.0,99152.10257
1984,United States,Los Angeles,Thailand,THA,0,1,0,1,49636724,505982000000.0,7233.388858
1984,United States,Los Angeles,Cameroon,CMR,0,0,1,1,9508570,45238613480.0,1661.702105
1984,United States,Los Angeles,Pakistan,PAK,1,0,0,1,94003867,346343000000.0,1537.936411
1988,South Korea,Seoul,United States,USA,36,31,27,94,244499000,22996100000000.0,69287.53659
1988,South Korea,Seoul,Bulgaria,BUL,10,12,13,35,8981446,80271119426.0,11634.97102
1988,South Korea,Seoul,China,CHN,5,11,12,28,1101630000,17734100000000.0,12556.33312
1988,South Korea,Seoul,Romania,ROU,7,11,6,24,23057662,284088000000.0,14861.90917
1988,South Korea,Seoul,Hungary,HUN,11,6,6,23,10596487,182281000000.0,18772.67329
1988,South Korea,Seoul,Poland,POL,2,5,9,16,37824487,674048000000.0,17840.92105
1988,South Korea,Seoul,France,FRA,6,4,6,16,57472651,2937470000000.0,43518.53851
1988,South Korea,Seoul,Japan,JPN,4,3,7,14,122578000,4937420000000.0,39285.16311
1988,South Korea,Seoul,Australia,AUS,3,6,5,14,16532164,1542660000000.0,59934.12941
1988,South Korea,Seoul,Italy,ITA,6,4,4,14,56629288,2099880000000.0,35551.28499
1988,South Korea,Seoul,New Zealand,NZL,3,2,8,13,3283400,249992000000.0,48801.68513
1988,South Korea,Seoul,Sweden,SWE,0,4,7,11,8436489,627438000000.0,60238.98656
1988,South Korea,Seoul,Canada,CAN,3,2,5,10,26791747,1990760000000.0,52051.35146
1988,South Korea,Seoul,Netherlands,NED,2,2,5,9,14760094,1018010000000.0,58061.00167
1988,South Korea,Seoul,Kenya,KEN,5,2,2,9,21626122,110347000000.0,2006.83224
1988,South Korea,Seoul,Brazil,BRA,1,2,3,6,145253973,1608980000000.0,7518.834284
1988,South Korea,Seoul,Norway,NOR,2,3,0,5,4209488,482437000000.0,89202.75054
1988,South Korea,Seoul,Denmark,DEN,2,1,1,4,5129516,397104000000.0,67803.0471
1988,South Korea,Seoul,Finland,FIN,1,1,2,4,4946481,299155000000.0,53982.61427
1988,South Korea,Seoul,Spain,ESP,1,1,2,4,38766939,1425280000000.0,30115.70589
1988,South Korea,Seoul,Switzerland,SUI,0,2,2,4,6593386,812867000000.0,93457.4404
1988,South Korea,Seoul,Morocco,MAR,1,0,2,3,23720590,132725000000.0,3496.758301
1988,South Korea,Seoul,Belgium,BEL,0,0,2,2,9901664,599879000000.0,51767.78857
1988,South Korea,Seoul,Mexico,MEX,0,0,2,2,78892015,1293040000000.0,9926.422768
1988,South Korea,Seoul,Jamaica,JAM,0,2,0,2,2354805,13638230996.0,4586.650509
1988,South Korea,Seoul,Argentina,ARG,0,1,1,2,31690792,491493000000.0,10729.23258
1988,South Korea,Seoul,Peru,PER,0,1,0,1,21143799,223249000000.0,6692.248375
1988,South Korea,Seoul,Senegal,SEN,0,1,0,1,7113636,27625388352.0,1606.472061
1988,South Korea,Seoul,Colombia,COL,0,0,1,1,31256727,314322000000.0,6131.225922
1988,South Korea,Seoul,Pakistan,PAK,0,0,1,1,107967838,346343000000.0,1537.936411
1988,South Korea,Seoul,Philippines,PHI,0,0,1,1,58755923,394086000000.0,3548.828323
1988,South Korea,Seoul,Thailand,THA,0,0,1,1,53410965,505982000000.0,7233.388858
1988,South Korea,Seoul,Djibouti,DJI,0,0,1,1,482337,3371102124.0,3363.712048
1988,South Korea,Seoul,Greece,GRE,0,0,1,1,10036983,216241000000.0,20276.54467
1988,South Korea,Seoul,Mongolia,MGL,0,0,1,1,2073771,15098022829.0,4534.918589
1988,South Korea,Seoul,Portugal,POR,1,0,0,1,10019610,249886000000.0,24262.18094
1988,South Korea,Seoul,Suriname,SUR,1,0,0,1,402139,2862131980.0,4836.332633
1988,South Korea,Seoul,Austria,AUT,1,0,0,1,7585317,477082000000.0,53267.93275
1988,South Korea,Seoul,Costa Rica,CRC,0,1,0,1,3001461,64282438667.0,12508.61563
1988,South Korea,Seoul,Indonesia,INA,0,1,0,1,175694647,1186090000000.0,4291.812554
1988,South Korea,Seoul,Chile,CHI,0,1,0,1,12918389,317059000000.0,16502.83857
1992,Spain,Barcelona,United States,USA,37,34,37,108,256514000,22996100000000.0,69287.53659
1992,Spain,Barcelona,Germany,GER,33,21,28,82,80624598,4223120000000.0,50801.78671
1992,Spain,Barcelona,China,CHN,16,22,16,54,1164970000,17734100000000.0,12556.33312
1992,Spain,Barcelona,Hungary,HUN,11,12,7,30,10369341,182281000000.0,18772.67329
1992,Spain,Barcelona,France,FRA,8,5,16,29,58849943,2937470000000.0,43518.53851
1992,Spain,Barcelona,Australia,AUS,7,9,11,27,17478635,1542660000000.0,59934.12941
1992,Spain,Barcelona,Japan,JPN,3,8,11,22,124425000,4937420000000.0,39285.16311
1992,Spain,Barcelona,Spain,ESP,13,7,2,22,39157685,1425280000000.0,30115.70589
1992,Spain,Barcelona,Poland,POL,3,6,10,19,38363667,674048000000.0,17840.92105
1992,Spain,Barcelona,Italy,ITA,6,5,8,19,56797087,2099880000000.0,35551.28499
1992,Spain,Barcelona,Romania,ROU,4,6,8,18,22794284,284088000000.0,14861.90917
1992,Spain,Barcelona,Canada,CAN,7,4,7,18,28371264,1990760000000.0,52051.35146
1992,Spain,Barcelona,Bulgaria,BUL,3,7,6,16,8540164,80271119426.0,11634.97102
1992,Spain,Barcelona,Netherlands,NED,2,6,7,15,15184166,1018010000000.0,58061.00167
1992,Spain,Barcelona,Sweden,SWE,1,7,4,12,8668067,627438000000.0,60238.98656
1992,Spain,Barcelona,New Zealand,NZL,1,4,5,10,3531700,249992000000.0,48801.68513
1992,Spain,Barcelona,Kenya,KEN,2,4,2,8,24655723,110347000000.0,2006.83224
1992,Spain,Barcelona,Norway,NOR,2,4,1,7,4286401,482437000000.0,89202.75054
1992,Spain,Barcelona,Denmark,DEN,1,1,4,6,5171370,397104000000.0,67803.0471
1992,Spain,Barcelona,Indonesia,INA,2,2,1,5,188558416,1186090000000.0,4291.812554
1992,Spain,Barcelona,Finland,FIN,1,2,2,5,5041992,299155000000.0,53982.61427
1992,Spain,Barcelona,Jamaica,JAM,0,3,1,4,2434574,13638230996.0,4586.650509
1992,Spain,Barcelona,Nigeria,NGR,0,3,1,4,100182045,440777000000.0,2085.030765
1992,Spain,Barcelona,Morocco,MAR,1,1,1,3,25400676,132725000000.0,3496.758301
1992,Spain,Barcelona,Brazil,BRA,2,1,0,3,155900790,1608980000000.0,7518.834284
1992,Spain,Barcelona,Latvia,LAT,0,2,1,3,2614338,38872546229.0,20642.16792
1992,Spain,Barcelona,Ethiopia,ETH,1,0,2,3,52011554,111271000000.0,943.9656842
1992,Spain,Barcelona,Croatia,CRO,0,1,2,3,4575818,67837788544.0,17398.76598
1992,Spain,Barcelona,Belgium,BEL,0,1,2,3,10045158,599879000000.0,51767.78857
1992,Spain,Barcelona,Ireland,IRL,1,1,0,2,3558430,498560000000.0,99152.10257
1992,Spain,Barcelona,Greece,GRE,2,0,0,2,10399061,216241000000.0,20276.54467
1992,Spain,Barcelona,Slovenia,SLO,0,0,2,2,1996498,61526331889.0,29200.81988
1992,Spain,Barcelona,Mongolia,MGL,0,0,2,2,2236494,15098022829.0,4534.918589
1992,Spain,Barcelona,Algeria,ALG,1,0,1,2,26748303,167983000000.0,3765.034625
1992,Spain,Barcelona,Lithuania,LTU,1,0,1,2,3700114,65503849705.0,23433.39091
1992,Spain,Barcelona,Estonia,EST,1,0,1,2,1533091,36262924354.0,27280.65844
1992,Spain,Barcelona,Israel,ISR,0,1,1,2,5123000,481591000000.0,51430.07968
1992,Spain,Barcelona,Namibia,NAM,0,2,0,2,1461687,12236250784.0,4729.270937
1992,Spain,Barcelona,Austria,AUT,0,2,0,2,7840709,477082000000.0,53267.93275
1992,Spain,Barcelona,South Africa,RSA,0,2,0,2,41760755,419946000000.0,6994.211654
1992,Spain,Barcelona,Argentina,ARG,0,0,1,1,33568285,491493000000.0,10729.23258
1992,Spain,Barcelona,Colombia,COL,0,0,1,1,33939039,314322000000.0,6131.225922
1992,Spain,Barcelona,Mexico,MEX,0,1,0,1,84993164,1293040000000.0,9926.422768
1992,Spain,Barcelona,Peru,PER,0,1,0,1,23047248,223249000000.0,6692.248375
1992,Spain,Barcelona,Qatar,QAT,0,0,1,1,471293,179571000000.0,61275.99827
1992,Spain,Barcelona,Thailand,THA,0,0,1,1,56939020,505982000000.0,7233.388858
1992,Spain,Barcelona,Suriname,SUR,0,0,1,1,419521,2862131980.0,4836.332633
1992,Spain,Barcelona,Malaysia,MAS,0,0,1,1,18526708,372701000000.0,11371.09902
1992,Spain,Barcelona,Ghana,GHA,0,0,1,1,16241548,77594279055.0,2445.290749
1992,Spain,Barcelona,Philippines,PHI,0,0,1,1,64543525,394086000000.0,3548.828323
1992,Spain,Barcelona,Pakistan,PAK,0,0,1,1,122375179,346343000000.0,1537.936411
1992,Spain,Barcelona,Switzerland,SUI,1,0,0,1,6875364,812867000000.0,93457.4404
1996,United States,Atlanta,United States,USA,44,32,25,101,269394000,22996100000000.0,69287.53659
1996,United States,Atlanta,Germany,GER,20,18,27,65,81914831,4223120000000.0,50801.78671
1996,United States,Atlanta,China,CHN,16,22,12,50,1217550000,17734100000000.0,12556.33312
1996,United States,Atlanta,Australia,AUS,9,9,23,41,18224767,1542660000000.0,59934.12941
1996,United States,Atlanta,France,FRA,15,7,15,37,59756533,2937470000000.0,43518.53851
1996,United States,Atlanta,Italy,ITA,13,10,12,35,56860281,2099880000000.0,35551.28499
1996,United States,Atlanta,Ukraine,UKR,9,2,12,23,51057800,200086000000.0,4835.571777
1996,United States,Atlanta,Canada,CAN,3,11,8,22,29610218,1990760000000.0,52051.35146
1996,United States,Atlanta,Hungary,HUN,7,4,10,21,10311238,182281000000.0,18772.67329
1996,United States,Atlanta,Romania,ROU,4,7,9,20,22619004,284088000000.0,14861.90917
1996,United States,Atlanta,Netherlands,NED,4,5,10,19,15530498,1018010000000.0,58061.00167
1996,United States,Atlanta,Poland,POL,7,5,5,17,38624370,674048000000.0,17840.92105
1996,United States,Atlanta,Spain,ESP,5,6,6,17,39889852,1425280000000.0,30115.70589
1996,United States,Atlanta,Brazil,BRA,3,3,9,15,166037122,1608980000000.0,7518.834284
1996,United States,Atlanta,Bulgaria,BUL,3,7,5,15,8362826,80271119426.0,11634.97102
1996,United States,Atlanta,Belarus,BLR,1,6,8,15,10159569,68218816484.0,7303.696266
1996,United States,Atlanta,Japan,JPN,3,6,5,14,125757000,4937420000000.0,39285.16311
1996,United States,Atlanta,Kazakhstan,KAZ,3,4,4,11,15578227,190814000000.0,10041.48984
1996,United States,Atlanta,Sweden,SWE,2,4,2,8,8840998,627438000000.0,60238.98656
1996,United States,Atlanta,Kenya,KEN,1,4,3,8,27615736,110347000000.0,2006.83224
1996,United States,Atlanta,Greece,GRE,4,4,0,8,10608800,216241000000.0,20276.54467
1996,United States,Atlanta,Norway,NOR,2,2,3,7,4381336,482437000000.0,89202.75054
1996,United States,Atlanta,Switzerland,SUI,4,3,0,7,7071850,812867000000.0,93457.4404
1996,United States,Atlanta,New Zealand,NZL,3,2,1,6,3732000,249992000000.0,48801.68513
1996,United States,Atlanta,Jamaica,JAM,1,3,2,6,2532894,13638230996.0,4586.650509
1996,United States,Atlanta,Nigeria,NGR,2,1,3,6,110956183,440777000000.0,2085.030765
1996,United States,Atlanta,Belgium,BEL,2,2,2,6,10156637,599879000000.0,51767.78857
1996,United States,Atlanta,Denmark,DEN,4,1,1,6,5263074,397104000000.0,67803.0471
1996,United States,Atlanta,South Africa,RSA,3,1,1,5,44661603,419946000000.0,6994.211654
1996,United States,Atlanta,Ireland,IRL,3,0,1,4,3637510,498560000000.0,99152.10257
1996,United States,Atlanta,Finland,FIN,1,2,1,4,5124573,299155000000.0,53982.61427
1996,United States,Atlanta,Indonesia,INA,1,1,2,4,201373791,1186090000000.0,4291.812554
1996,United States,Atlanta,Ethiopia,ETH,2,0,1,3,59347649,111271000000.0,943.9656842
1996,United States,Atlanta,Algeria,ALG,2,0,1,3,28984634,167983000000.0,3765.034625
1996,United States,Atlanta,Austria,AUT,0,1,2,3,7959017,477082000000.0,53267.93275
1996,United States,Atlanta,Argentina,ARG,0,2,1,3,35389362,491493000000.0,10729.23258
1996,United States,Atlanta,Morocco,MAR,0,0,2,2,26999093,132725000000.0,3496.758301
1996,United States,Atlanta,Georgia,GEO,0,0,2,2,4491699,18700241392.0,5042.385528
1996,United States,Atlanta,Trinidad and Tobago,TRI,0,0,2,2,1313434,21391802311.0,15243.12287
1996,United States,Atlanta,Uzbekistan,UZB,0,1,1,2,23225000,69238903106.0,1983.064723
1996,United States,Atlanta,Portugal,POR,1,0,1,2,10063945,249886000000.0,24262.18094
1996,United States,Atlanta,Croatia,CRO,1,1,0,2,4557097,67837788544.0,17398.76598
1996,United States,Atlanta,Thailand,THA,1,0,1,2,60211096,505982000000.0,7233.388858
1996,United States,Atlanta,Armenia,ARM,1,1,0,2,3298898,13861183874.0,4670.008798
1996,United States,Atlanta,Slovenia,SLO,0,2,0,2,1988628,61526331889.0,29200.81988
1996,United States,Atlanta,Moldova,MDA,0,1,1,2,2947293,13679221333.0,5314.531461
1996,United States,Atlanta,Malaysia,MAS,0,1,1,2,20689051,372701000000.0,11371.09902
1996,United States,Atlanta,Namibia,NAM,0,2,0,2,1650066,12236250784.0,4729.270937
1996,United States,Atlanta,Zambia,ZAM,0,1,0,1,8902019,21203059080.0,1120.630171
1996,United States,Atlanta,Philippines,PHI,0,1,0,1,70944969,394086000000.0,3548.828323
1996,United States,Atlanta,Azerbaijan,AZE,0,1,0,1,7763000,54622176471.0,5384.034998
1996,United States,Atlanta,Latvia,LAT,0,1,0,1,2457222,38872546229.0,20642.16792
1996,United States,Atlanta,Mozambique,MOZ,0,0,1,1,16079553,16095828897.0,500.4448085
1996,United States,Atlanta,Uganda,UGA,0,0,1,1,21249572,40434701517.0,858.0575127
1996,United States,Atlanta,Tunisia,TUN,0,0,1,1,9430550,46840042941.0,3924.343925
1996,United States,Atlanta,Mongolia,MGL,0,0,1,1,2357033,15098022829.0,4534.918589
1996,United States,Atlanta,Israel,ISR,0,0,1,1,5692000,481591000000.0,51430.07968
1996,United States,Atlanta,India,IND,0,0,1,1,983281218,3173400000000.0,2277.434347
1996,United States,Atlanta,Mexico,MEX,0,0,1,1,91586555,1293040000000.0,9926.422768
1996,United States,Atlanta,Lithuania,LTU,0,0,1,1,3601613,65503849705.0,23433.39091
1996,United States,Atlanta,Burundi,BDI,1,0,0,1,5930507,2902029386.0,236.7954142
1996,United States,Atlanta,Costa Rica,CRC,1,0,0,1,3656234,64282438667.0,12508.61563
1996,United States,Atlanta,Ecuador,ECU,1,0,0,1,11775221,106166000000.0,5934.875496
2000,Australia,Sydney,United States,USA,37,24,32,93,282162411,22996100000000.0,69287.53659
2000,Australia,Sydney,Australia,AUS,16,25,17,58,19028802,1542660000000.0,59934.12941
2000,Australia,Sydney,China,CHN,28,16,14,58,1262645000,17734100000000.0,12556.33312
2000,Australia,Sydney,Germany,GER,13,17,26,56,82211508,4223120000000.0,50801.78671
2000,Australia,Sydney,France,FRA,13,14,11,38,60921384,2937470000000.0,43518.53851
2000,Australia,Sydney,Italy,ITA,13,8,13,34,56942108,2099880000000.0,35551.28499
2000,Australia,Sydney,Romania,ROU,11,6,9,26,22442971,284088000000.0,14861.90917
2000,Australia,Sydney,Netherlands,NED,12,9,4,25,15925513,1018010000000.0,58061.00167
2000,Australia,Sydney,Ukraine,UKR,3,10,10,23,49176500,200086000000.0,4835.571777
2000,Australia,Sydney,Japan,JPN,5,8,5,18,126843000,4937420000000.0,39285.16311
2000,Australia,Sydney,Belarus,BLR,3,3,11,17,9979610,68218816484.0,7303.696266
2000,Australia,Sydney,Hungary,HUN,8,6,3,17,10210971,182281000000.0,18772.67329
2000,Australia,Sydney,Canada,CAN,3,3,8,14,30685730,1990760000000.0,52051.35146
2000,Australia,Sydney,Poland,POL,6,5,3,14,38258629,674048000000.0,17840.92105
2000,Australia,Sydney,Bulgaria,BUL,5,6,2,13,8170172,80271119426.0,11634.97102
2000,Australia,Sydney,Greece,GRE,4,6,3,13,10805808,216241000000.0,20276.54467
2000,Australia,Sydney,Sweden,SWE,4,5,3,12,8872109,627438000000.0,60238.98656
2000,Australia,Sydney,Brazil,BRA,0,6,6,12,175873720,1608980000000.0,7518.834284
2000,Australia,Sydney,Spain,ESP,3,3,5,11,40567864,1425280000000.0,30115.70589
2000,Australia,Sydney,Norway,NOR,4,3,3,10,4490967,482437000000.0,89202.75054
2000,Australia,Sydney,Switzerland,SUI,1,6,2,9,7184250,812867000000.0,93457.4404
2000,Australia,Sydney,Jamaica,JAM,0,6,3,9,2612205,13638230996.0,4586.650509
2000,Australia,Sydney,Ethiopia,ETH,4,1,3,8,67031867,111271000000.0,943.9656842
2000,Australia,Sydney,Kazakhstan,KAZ,3,4,0,7,14883626,190814000000.0,10041.48984
2000,Australia,Sydney,Kenya,KEN,2,3,2,7,30851606,110347000000.0,2006.83224
2000,Australia,Sydney,Denmark,DEN,2,3,1,6,5339616,397104000000.0,67803.0471
2000,Australia,Sydney,Georgia,GEO,0,0,6,6,4077131,18700241392.0,5042.385528
2000,Australia,Sydney,Indonesia,INA,1,3,2,6,214072421,1186090000000.0,4291.812554
2000,Australia,Sydney,Mexico,MEX,1,2,3,6,97873442,1293040000000.0,9926.422768
2000,Australia,Sydney,Lithuania,LTU,2,0,3,5,3499536,65503849705.0,23433.39091
2000,Australia,Sydney,Morocco,MAR,0,1,4,5,28554415,132725000000.0,3496.758301
2000,Australia,Sydney,South Africa,RSA,0,2,3,5,46813266,419946000000.0,6994.211654
2000,Australia,Sydney,Belgium,BEL,0,2,3,5,10251250,599879000000.0,51767.78857
2000,Australia,Sydney,Algeria,ALG,1,1,3,5,30774621,167983000000.0,3765.034625
2000,Australia,Sydney,Finland,FIN,2,1,1,4,5176209,299155000000.0,53982.61427
2000,Australia,Sydney,Argentina,ARG,0,2,2,4,37070774,491493000000.0,10729.23258
2000,Australia,Sydney,Uzbekistan,UZB,1,1,2,4,24650400,69238903106.0,1983.064723
2000,Australia,Sydney,New Zealand,NZL,1,0,3,4,3857700,249992000000.0,48801.68513
2000,Australia,Sydney,Azerbaijan,AZE,2,0,1,3,8048600,54622176471.0,5384.034998
2000,Australia,Sydney,Austria,AUT,2,1,0,3,8011566,477082000000.0,53267.93275
2000,Australia,Sydney,Latvia,LAT,1,1,1,3,2367550,38872546229.0,20642.16792
2000,Australia,Sydney,Nigeria,NGR,1,2,0,3,122851984,440777000000.0,2085.030765
2000,Australia,Sydney,Estonia,EST,1,0,2,3,1396985,36262924354.0,27280.65844
2000,Australia,Sydney,Thailand,THA,1,0,2,3,63066603,505982000000.0,7233.388858
2000,Australia,Sydney,Slovenia,SLO,2,0,0,2,1988925,61526331889.0,29200.81988
2000,Australia,Sydney,Moldova,MDA,0,1,1,2,2924668,13679221333.0,5314.531461
2000,Australia,Sydney,Trinidad and Tobago,TRI,0,1,1,2,1332203,21391802311.0,15243.12287
2000,Australia,Sydney,Saudi Arabia,KSA,0,1,1,2,21547390,833541000000.0,23585.88563
2000,Australia,Sydney,Portugal,POR,0,0,2,2,10289898,249886000000.0,24262.18094
2000,Australia,Sydney,Costa Rica,CRC,0,0,2,2,3979193,64282438667.0,12508.61563
2000,Australia,Sydney,Croatia,CRO,1,0,1,2,4468302,67837788544.0,17398.76598
2000,Australia,Sydney,Barbados,BAR,0,0,1,1,264657,4900800000.0,17033.93719
2000,Australia,Sydney,Armenia,ARM,0,0,1,1,3168523,13861183874.0,4670.008798
2000,Australia,Sydney,Sri Lanka,SRI,0,1,0,1,18776371,84518830393.0,3814.715219
2000,Australia,Sydney,Ireland,IRL,0,1,0,1,3805174,498560000000.0,99152.10257
2000,Australia,Sydney,Uruguay,URU,0,1,0,1,3292224,59319547636.0,17020.64864
2000,Australia,Sydney,Mozambique,MOZ,1,0,0,1,17768505,16095828897.0,500.4448085
2000,Australia,Sydney,Colombia,COL,1,0,0,1,39215135,314322000000.0,6131.225922
2000,Australia,Sydney,Cameroon,CMR,1,0,0,1,15091594,45238613480.0,1661.702105
2000,Australia,Sydney,Israel,ISR,0,0,1,1,6289000,481591000000.0,51430.07968
2000,Australia,Sydney,Iceland,ISL,0,0,1,1,281205,25458933916.0,68383.76534
2000,Australia,Sydney,India,IND,0,0,1,1,1059633675,3173400000000.0,2277.434347
2000,Australia,Sydney,Qatar,QAT,0,0,1,1,645937,179571000000.0,61275.99827
2000,Australia,Sydney,Chile,CHI,0,0,1,1,15351799,317059000000.0,16502.83857
2004,Greece,Athens,United States,USA,36,39,26,101,292805298,22996100000000.0,69287.53659
2004,Greece,Athens,China,CHN,32,17,14,63,1296075000,17734100000000.0,12556.33312
2004,Greece,Athens,Australia,AUS,17,16,17,50,19932722,1542660000000.0,59934.12941
2004,Greece,Athens,Germany,GER,13,16,20,49,82516260,4223120000000.0,50801.78671
2004,Greece,Athens,Japan,JPN,16,9,12,37,127761000,4937420000000.0,39285.16311
2004,Greece,Athens,France,FRA,11,9,13,33,62716306,2937470000000.0,43518.53851
2004,Greece,Athens,Italy,ITA,10,11,11,32,57685327,2099880000000.0,35551.28499
2004,Greece,Athens,Netherlands,NED,4,9,9,22,16281779,1018010000000.0,58061.00167
2004,Greece,Athens,Ukraine,UKR,8,5,9,22,47451626,200086000000.0,4835.571777
2004,Greece,Athens,Spain,ESP,3,11,6,20,42921895,1425280000000.0,30115.70589
2004,Greece,Athens,Romania,ROU,8,5,6,19,21451748,284088000000.0,14861.90917
2004,Greece,Athens,Hungary,HUN,8,6,3,17,10107146,182281000000.0,18772.67329
2004,Greece,Athens,Greece,GRE,6,6,4,16,10955141,216241000000.0,20276.54467
2004,Greece,Athens,Belarus,BLR,2,5,6,13,9730146,68218816484.0,7303.696266
2004,Greece,Athens,Canada,CAN,3,6,3,12,31940655,1990760000000.0,52051.35146
2004,Greece,Athens,Bulgaria,BUL,2,1,9,12,7716860,80271119426.0,11634.97102
2004,Greece,Athens,Poland,POL,3,2,5,10,38182222,674048000000.0,17840.92105
2004,Greece,Athens,Brazil,BRA,5,2,3,10,184722043,1608980000000.0,7518.834284
2004,Greece,Athens,Thailand,THA,3,1,4,8,65311166,505982000000.0,7233.388858
2004,Greece,Athens,Kazakhstan,KAZ,1,4,3,8,15012984,190814000000.0,10041.48984
2004,Greece,Athens,Denmark,DEN,2,1,5,8,5404523,397104000000.0,67803.0471
2004,Greece,Athens,Sweden,SWE,4,2,1,7,8993531,627438000000.0,60238.98656
2004,Greece,Athens,Ethiopia,ETH,2,3,2,7,75301026,111271000000.0,943.9656842
2004,Greece,Athens,Austria,AUT,2,4,1,7,8171966,477082000000.0,53267.93275
2004,Greece,Athens,Kenya,KEN,1,4,2,7,34791836,110347000000.0,2006.83224
2004,Greece,Athens,Norway,NOR,5,0,1,6,4591910,482437000000.0,89202.75054
2004,Greece,Athens,South Africa,RSA,1,3,2,6,48556071,419946000000.0,6994.211654
2004,Greece,Athens,Argentina,ARG,2,0,4,6,38668796,491493000000.0,10729.23258
2004,Greece,Athens,New Zealand,NZL,3,2,0,5,4087500,249992000000.0,48801.68513
2004,Greece,Athens,Jamaica,JAM,2,1,2,5,2664024,13638230996.0,4586.650509
2004,Greece,Athens,Uzbekistan,UZB,2,1,2,5,25864350,69238903106.0,1983.064723
2004,Greece,Athens,Azerbaijan,AZE,1,0,4,5,8306500,54622176471.0,5384.034998
2004,Greece,Athens,Croatia,CRO,1,2,2,5,4304600,67837788544.0,17398.76598
2004,Greece,Athens,Switzerland,SUI,1,1,3,5,7389625,812867000000.0,93457.4404
2004,Greece,Athens,Georgia,GEO,2,2,0,4,3927340,18700241392.0,5042.385528
2004,Greece,Athens,Slovenia,SLO,0,1,3,4,1997012,61526331889.0,29200.81988
2004,Greece,Athens,Mexico,MEX,0,3,1,4,103945813,1293040000000.0,9926.422768
2004,Greece,Athens,Latvia,LAT,0,4,0,4,2263122,38872546229.0,20642.16792
2004,Greece,Athens,Indonesia,INA,1,1,2,4,225938595,1186090000000.0,4291.812554
2004,Greece,Athens,Belgium,BEL,1,0,2,3,10421137,599879000000.0,51767.78857
2004,Greece,Athens,Portugal,POR,0,2,1,3,10483861,249886000000.0,24262.18094
2004,Greece,Athens,Estonia,EST,0,1,2,3,1362550,36262924354.0,27280.65844
2004,Greece,Athens,Chile,CHI,2,0,1,3,16017966,317059000000.0,16502.83857
2004,Greece,Athens,Morocco,MAR,2,1,0,3,30033125,132725000000.0,3496.758301
2004,Greece,Athens,Zimbabwe,ZIM,1,1,1,3,12160881,26217726717.0,1737.173977
2004,Greece,Athens,Lithuania,LTU,1,2,0,3,3377075,65503849705.0,23433.39091
2004,Greece,Athens,Finland,FIN,0,2,0,2,5228172,299155000000.0,53982.61427
2004,Greece,Athens,Nigeria,NGR,0,0,2,2,136756848,440777000000.0,2085.030765
2004,Greece,Athens,Colombia,COL,0,0,2,2,41648268,314322000000.0,6131.225922
2004,Greece,Athens,Israel,ISR,1,0,1,2,6809000,481591000000.0,51430.07968
2004,Greece,Athens,Dominican Republic,DOM,1,0,0,1,9043127,94243453937.0,8603.789905
2004,Greece,Athens,India,IND,0,1,0,1,1136264583,3173400000000.0,2277.434347
2004,Greece,Athens,Paraguay,PAR,0,1,0,1,5416324,38986810989.0,5400.103826
2004,Greece,Athens,Trinidad and Tobago,TRI,0,0,1,1,1361172,21391802311.0,15243.12287
2004,Greece,Athens,Mongolia,MGL,0,0,1,1,2537949,15098022829.0,4534.918589
2004,Greece,Athens,Cameroon,CMR,1,0,0,1,16809407,45238613480.0,1661.702105
2008,China,Beijing,United States,USA,36,39,37,112,304093966,22996100000000.0,69287.53659
2008,China,Beijing,China,CHN,48,22,30,100,1324655000,17734100000000.0,12556.33312
2008,China,Beijing,Australia,AUS,14,15,17,46,21249199,1542660000000.0,59934.12941
2008,China,Beijing,France,FRA,7,16,20,43,64379696,2937470000000.0,43518.53851
2008,China,Beijing,Germany,GER,16,11,14,41,82110097,4223120000000.0,50801.78671
2008,China,Beijing,Italy,ITA,8,9,10,27,58826731,2099880000000.0,35551.28499
2008,China,Beijing,Japan,JPN,9,8,8,25,128063000,4937420000000.0,39285.16311
2008,China,Beijing,Ukraine,UKR,7,4,11,22,46258189,200086000000.0,4835.571777
2008,China,Beijing,Canada,CAN,3,9,8,20,33247118,1990760000000.0,52051.35146
2008,China,Beijing,Spain,ESP,5,11,3,19,45954106,1425280000000.0,30115.70589
2008,China,Beijing,Brazil,BRA,3,4,10,17,192672317,1608980000000.0,7518.834284
2008,China,Beijing,Netherlands,NED,7,5,4,16,16445593,1018010000000.0,58061.00167
2008,China,Beijing,Kenya,KEN,6,4,6,16,39186895,110347000000.0,2006.83224
2008,China,Beijing,Belarus,BLR,3,4,7,14,9527985,68218816484.0,7303.696266
2008,China,Beijing,Poland,POL,4,5,2,11,38125759,674048000000.0,17840.92105
2008,China,Beijing,Jamaica,JAM,5,4,2,11,2711373,13638230996.0,4586.650509
2008,China,Beijing,Hungary,HUN,3,5,2,10,10038188,182281000000.0,18772.67329
2008,China,Beijing,Kazakhstan,KAZ,2,3,4,9,15776938,190814000000.0,10041.48984
2008,China,Beijing,New Zealand,NZL,3,2,4,9,4259800,249992000000.0,48801.68513
2008,China,Beijing,Norway,NOR,3,5,1,9,4768212,482437000000.0,89202.75054
2008,China,Beijing,Romania,ROU,4,1,4,9,20537875,284088000000.0,14861.90917
2008,China,Beijing,Georgia,GEO,3,2,2,7,3848449,18700241392.0,5042.385528
2008,China,Beijing,Denmark,DEN,2,2,3,7,5493621,397104000000.0,67803.0471
2008,China,Beijing,Switzerland,SUI,2,1,4,7,7647675,812867000000.0,93457.4404
2008,China,Beijing,Ethiopia,ETH,4,2,1,7,84357105,111271000000.0,943.9656842
2008,China,Beijing,Thailand,THA,2,2,2,6,67328239,505982000000.0,7233.388858
2008,China,Beijing,Azerbaijan,AZE,1,1,4,6,8763400,54622176471.0,5384.034998
2008,China,Beijing,Indonesia,INA,1,1,4,6,237936543,1186090000000.0,4291.812554
2008,China,Beijing,Argentina,ARG,2,0,4,6,40273769,491493000000.0,10729.23258
2008,China,Beijing,Slovenia,SLO,1,2,2,5,2021316,61526331889.0,29200.81988
2008,China,Beijing,Bulgaria,BUL,1,1,3,5,7492561,80271119426.0,11634.97102
2008,China,Beijing,Armenia,ARM,0,1,4,5,2983421,13861183874.0,4670.008798
2008,China,Beijing,Lithuania,LTU,0,3,2,5,3198231,65503849705.0,23433.39091
2008,China,Beijing,Sweden,SWE,0,4,1,5,9219637,627438000000.0,60238.98656
2008,China,Beijing,Nigeria,NGR,0,3,2,5,152382506,440777000000.0,2085.030765
2008,China,Beijing,Croatia,CRO,0,2,3,5,4309705,67837788544.0,17398.76598
2008,China,Beijing,Mongolia,MGL,2,2,0,4,2633887,15098022829.0,4534.918589
2008,China,Beijing,Mexico,MEX,2,0,2,4,109684489,1293040000000.0,9926.422768
2008,China,Beijing,Zimbabwe,ZIM,1,3,0,4,12550347,26217726717.0,1737.173977
2008,China,Beijing,Finland,FIN,1,1,2,4,5313399,299155000000.0,53982.61427
2008,China,Beijing,Uzbekistan,UZB,0,1,3,4,27302800,69238903106.0,1983.064723
2008,China,Beijing,Serbia,SRB,0,1,2,3,7350222,63068134601.0,9214.993546
2008,China,Beijing,India,IND,1,0,2,3,1206734806,3173400000000.0,2277.434347
2008,China,Beijing,Latvia,LAT,1,1,1,3,2177322,38872546229.0,20642.16792
2008,China,Beijing,Greece,GRE,0,2,1,3,11077841,216241000000.0,20276.54467
2008,China,Beijing,Ireland,IRL,0,1,2,3,4489544,498560000000.0,99152.10257
2008,China,Beijing,Austria,AUT,0,1,2,3,8321496,477082000000.0,53267.93275
2008,China,Beijing,Colombia,COL,0,2,1,3,43815313,314322000000.0,6131.225922
2008,China,Beijing,Belgium,BEL,2,0,0,2,10709973,599879000000.0,51767.78857
2008,China,Beijing,Algeria,ALG,0,1,1,2,34569592,167983000000.0,3765.034625
2008,China,Beijing,Tajikistan,TJK,0,1,1,2,7324627,8746270636.0,897.087902
2008,China,Beijing,Morocco,MAR,0,1,1,2,31634992,132725000000.0,3496.758301
2008,China,Beijing,Trinidad and Tobago,TTO,1,1,0,2,1392803,21391802311.0,15243.12287
2008,China,Beijing,Dominican Republic,DOM,1,1,0,2,9522948,94243453937.0,8603.789905
2008,China,Beijing,Portugal,POR,1,1,0,2,10558177,249886000000.0,24262.18094
2008,China,Beijing,Estonia,EST,1,1,0,2,1337090,36262924354.0,27280.65844
2008,China,Beijing,Ecuador,ECU,0,1,0,1,14496797,106166000000.0,5934.875496
2008,China,Beijing,Chile,CHI,0,1,0,1,16661462,317059000000.0,16502.83857
2008,China,Beijing,Iceland,ISL,0,1,0,1,317414,25458933916.0,68383.76534
2008,China,Beijing,Samoa,SAM,0,1,0,1,191787,788389971.6,3939.113696
2008,China,Beijing,Malaysia,MAS,0,1,0,1,27664296,372701000000.0,11371.09902
2008,China,Beijing,Singapore,SIN,0,1,0,1,4839396,396987000000.0,72794.00302
2008,China,Beijing,Mauritius,MRI,0,0,1,1,1244121,11156657770.0,8812.108249
2008,China,Beijing,Israel,ISR,0,0,1,1,7308800,481591000000.0,51430.07968
2008,China,Beijing,Moldova,MDA,0,0,1,1,2868833,13679221333.0,5314.531461
2008,China,Beijing,Togo,TOG,0,0,1,1,6222482,8413200568.0,992.3284294
2008,China,Beijing,Sudan,SUD,0,1,0,1,32065241,34326058557.0,764.3410034
2008,China,Beijing,South Africa,RSA,0,1,0,1,50565812,419946000000.0,6994.211654
2008,China,Beijing,Panama,PAN,1,0,0,1,3495276,63605065800.0,14516.45805
2008,China,Beijing,Cameroon,CMR,1,0,0,1,18777081,45238613480.0,1661.702105
2008,China,Beijing,Tunisia,TUN,1,0,0,1,10680380,46840042941.0,3924.343925
2012,Great Britain,London,United States,USA,46,28,30,104,313877662,22996100000000.0,69287.53659
2012,Great Britain,London,China,CHN,38,31,22,91,1354190000,17734100000000.0,12556.33312
2012,Great Britain,London,Germany,GER,11,20,13,44,80425823,4223120000000.0,50801.78671
2012,Great Britain,London,Japan,JPN,7,14,17,38,127629000,4937420000000.0,39285.16311
2012,Great Britain,London,France,FRA,11,11,13,35,65662240,2937470000000.0,43518.53851
2012,Great Britain,London,Australia,AUS,8,15,12,35,22733465,1542660000000.0,59934.12941
2012,Great Britain,London,Italy,ITA,8,9,11,28,59539717,2099880000000.0,35551.28499
2012,Great Britain,London,Netherlands,NED,6,6,8,20,16754962,1018010000000.0,58061.00167
2012,Great Britain,London,Spain,ESP,4,10,5,19,46773055,1425280000000.0,30115.70589
2012,Great Britain,London,Ukraine,UKR,5,4,10,19,45593342,200086000000.0,4835.571777
2012,Great Britain,London,Canada,CAN,2,6,10,18,34714222,1990760000000.0,52051.35146
2012,Great Britain,London,Hungary,HUN,8,4,6,18,9920362,182281000000.0,18772.67329
2012,Great Britain,London,Brazil,BRA,3,5,9,17,199977707,1608980000000.0,7518.834284
2012,Great Britain,London,Kenya,KEN,2,4,7,13,43725806,110347000000.0,2006.83224
2012,Great Britain,London,New Zealand,NZL,6,2,5,13,4408100,249992000000.0,48801.68513
2012,Great Britain,London,Jamaica,JAM,4,5,3,12,2759817,13638230996.0,4586.650509
2012,Great Britain,London,Poland,POL,3,2,6,11,38063164,674048000000.0,17840.92105
2012,Great Britain,London,Kazakhstan,KAZ,3,1,7,11,16792090,190814000000.0,10041.48984
2012,Great Britain,London,Belarus,BLR,2,5,3,10,9446836,68218816484.0,7303.696266
2012,Great Britain,London,Denmark,DEN,2,4,3,9,5591572,397104000000.0,67803.0471
2012,Great Britain,London,Azerbaijan,AZE,2,2,5,9,9295784,54622176471.0,5384.034998
2012,Great Britain,London,Colombia,COL,1,3,5,9,45782417,314322000000.0,6131.225922
2012,Great Britain,London,Ethiopia,ETH,3,2,3,8,94451280,111271000000.0,943.9656842
2012,Great Britain,London,Mexico,MEX,1,3,4,8,115755909,1293040000000.0,9926.422768
2012,Great Britain,London,Sweden,SWE,1,4,3,8,9519374,627438000000.0,60238.98656
2012,Great Britain,London,Romania,ROU,2,4,1,7,20058035,284088000000.0,14861.90917
2012,Great Britain,London,Croatia,CRO,3,1,2,6,4267558,67837788544.0,17398.76598
2012,Great Britain,London,Georgia,GEO,1,2,3,6,3728874,18700241392.0,5042.385528
2012,Great Britain,London,Ireland,IRL,1,1,4,6,4599533,498560000000.0,99152.10257
2012,Great Britain,London,South Africa,RSA,4,1,1,6,53145033,419946000000.0,6994.211654
2012,Great Britain,London,India,IND,0,2,4,6,1274487215,3173400000000.0,2277.434347
2012,Great Britain,London,Lithuania,LTU,2,0,3,5,2987773,65503849705.0,23433.39091
2012,Great Britain,London,Mongolia,MGL,0,2,3,5,2792349,15098022829.0,4534.918589
2012,Great Britain,London,Switzerland,SUI,2,2,0,4,7996861,812867000000.0,93457.4404
2012,Great Britain,London,Serbia,SRB,1,1,2,4,7199077,63068134601.0,9214.993546
2012,Great Britain,London,Argentina,ARG,1,1,2,4,41733271,491493000000.0,10729.23258
2012,Great Britain,London,Norway,NOR,2,1,1,4,5018573,482437000000.0,89202.75054
2012,Great Britain,London,Trinidad and Tobago,TRI,1,1,2,4,1430377,21391802311.0,15243.12287
2012,Great Britain,London,Slovenia,SLO,1,1,2,4,2057159,61526331889.0,29200.81988
2012,Great Britain,London,Thailand,THA,0,2,2,4,69157023,505982000000.0,7233.388858
2012,Great Britain,London,Tunisia,TUN,2,0,1,3,11174383,46840042941.0,3924.343925
2012,Great Britain,London,Uzbekistan,UZB,0,0,3,3,29774500,69238903106.0,1983.064723
2012,Great Britain,London,Finland,FIN,0,2,1,3,5413971,299155000000.0,53982.61427
2012,Great Britain,London,Bulgaria,BUL,0,2,1,3,7305888,80271119426.0,11634.97102
2012,Great Britain,London,Indonesia,INA,0,2,1,3,250222695,1186090000000.0,4291.812554
2012,Great Britain,London,Belgium,BEL,0,1,2,3,11106932,599879000000.0,51767.78857
2012,Great Britain,London,Malaysia,MAS,0,1,1,2,29660212,372701000000.0,11371.09902
2012,Great Britain,London,Estonia,EST,0,1,1,2,1322696,36262924354.0,27280.65844
2012,Great Britain,London,Greece,GRE,0,0,2,2,11045011,216241000000.0,20276.54467
2012,Great Britain,London,Singapore,SIN,0,0,2,2,5312437,396987000000.0,72794.00302
2012,Great Britain,London,Qatar,QAT,0,0,2,2,1905660,179571000000.0,61275.99827
2012,Great Britain,London,Armenia,ARM,0,1,1,2,2914421,13861183874.0,4670.008798
2012,Great Britain,London,Latvia,LAT,1,0,1,2,2034319,38872546229.0,20642.16792
2012,Great Britain,London,Dominican Republic,DOM,1,1,0,2,10030882,94243453937.0,8603.789905
2012,Great Britain,London,Guatemala,GUA,0,1,0,1,14781942,85986321551.0,5025.575573
2012,Great Britain,London,Gabon,GAB,0,1,0,1,1836705,18269350434.0,8016.990495
2012,Great Britain,London,Montenegro,MNE,0,1,0,1,620601,5809170962.0,9367.016884
2012,Great Britain,London,Portugal,POR,0,1,0,1,10514844,249886000000.0,24262.18094
2012,Great Britain,London,Cyprus,CYP,0,1,0,1,1156556,27719337670.0,30798.47656
2012,Great Britain,London,Botswana,BOT,0,1,0,1,2175425,17613846473.0,7347.552382
2012,Great Britain,London,Morocco,MAR,0,0,1,1,33352169,132725000000.0,3496.758301
2012,Great Britain,London,Saudi Arabia,KSA,0,0,1,1,30821543,833541000000.0,23585.88563
2012,Great Britain,London,Tajikistan,TJK,0,0,1,1,7956382,8746270636.0,897.087902
2012,Great Britain,London,Cameroon,CMR,0,0,1,1,21032684,45238613480.0,1661.702105
2012,Great Britain,London,Algeria,ALG,1,0,0,1,37260563,167983000000.0,3765.034625
2012,Great Britain,London,Grenada,GRN,1,0,0,1,115912,1122083185.0,9928.621733
2012,Great Britain,London,Bahrain,BRN,1,0,0,1,1224939,38868663032.0,22232.32523
2012,Great Britain,London,Uganda,UGA,1,0,0,1,34273295,40434701517.0,858.0575127
2016,Brazil,Rio de Janeiro,United States,,46,37,38,121,323071755,22996100000000.0,69287.53659
2016,Brazil,Rio de Janeiro,China,,26,18,26,70,1387790000,17734100000000.0,12556.33312
2016,Brazil,Rio de Janeiro,Germany,,17,10,15,42,82348669,4223120000000.0,50801.78671
2016,Brazil,Rio de Janeiro,France,,10,18,14,42,66724104,2937470000000.0,43518.53851
2016,Brazil,Rio de Janeiro,Japan,,12,8,21,41,127076000,4937420000000.0,39285.16311
2016,Brazil,Rio de Janeiro,Australia,,8,11,10,29,24190907,1542660000000.0,59934.12941
2016,Brazil,Rio de Janeiro,Italy,,8,12,8,28,60627498,2099880000000.0,35551.28499
2016,Brazil,Rio de Janeiro,Canada,,4,3,15,22,36109487,1990760000000.0,52051.35146
2016,Brazil,Rio de Janeiro,Netherlands,,8,7,4,19,17030314,1018010000000.0,58061.00167
2016,Brazil,Rio de Janeiro,Brazil,,7,6,6,19,206859578,1608980000000.0,7518.834284
2016,Brazil,Rio de Janeiro,Kazakhstan,,3,5,10,18,17794055,190814000000.0,10041.48984
2016,Brazil,Rio de Janeiro,Azerbaijan,,1,7,10,18,9757812,54622176471.0,5384.034998
2016,Brazil,Rio de Janeiro,New Zealand,,4,9,5,18,4714100,249992000000.0,48801.68513
2016,Brazil,Rio de Janeiro,Spain,,7,4,6,17,46484062,1425280000000.0,30115.70589
2016,Brazil,Rio de Janeiro,Denmark,,2,6,7,15,5728010,397104000000.0,67803.0471
2016,Brazil,Rio de Janeiro,Hungary,,8,3,4,15,9814023,182281000000.0,18772.67329
2016,Brazil,Rio de Janeiro,Uzbekistan,,4,2,7,13,31847900,69238903106.0,1983.064723
2016,Brazil,Rio de Janeiro,Kenya,,6,6,1,13,47894670,110347000000.0,2006.83224
2016,Brazil,Rio de Janeiro,Sweden,,2,6,3,11,9923085,627438000000.0,60238.98656
2016,Brazil,Rio de Janeiro,Ukraine,,2,5,4,11,45004673,200086000000.0,4835.571777
2016,Brazil,Rio de Janeiro,Poland,,2,3,6,11,37970087,674048000000.0,17840.92105
2016,Brazil,Rio de Janeiro,Jamaica,,6,3,2,11,2802695,13638230996.0,4586.650509
2016,Brazil,Rio de Janeiro,South Africa,,2,6,2,10,56422274,419946000000.0,6994.211654
2016,Brazil,Rio de Janeiro,Croatia,,5,3,2,10,4174349,67837788544.0,17398.76598
2016,Brazil,Rio de Janeiro,Belarus,,1,4,4,9,9469379,68218816484.0,7303.696266
2016,Brazil,Rio de Janeiro,Colombia,,3,2,3,8,47625955,314322000000.0,6131.225922
2016,Brazil,Rio de Janeiro,Serbia,,2,4,2,8,7058322,63068134601.0,9214.993546
2016,Brazil,Rio de Janeiro,Ethiopia,,1,2,5,8,105293228,111271000000.0,943.9656842
2016,Brazil,Rio de Janeiro,Switzerland,,3,2,2,7,8373338,812867000000.0,93457.4404
2016,Brazil,Rio de Janeiro,Georgia,,2,1,4,7,3727505,18700241392.0,5042.385528
2016,Brazil,Rio de Janeiro,Greece,,3,1,2,6,10775971,216241000000.0,20276.54467
2016,Brazil,Rio de Janeiro,Belgium,,2,2,2,6,11331422,599879000000.0,51767.78857
2016,Brazil,Rio de Janeiro,Thailand,,2,2,2,6,70607037,505982000000.0,7233.388858
2016,Brazil,Rio de Janeiro,Malaysia,,0,4,1,5,31526418,372701000000.0,11371.09902
2016,Brazil,Rio de Janeiro,Mexico,,0,3,2,5,121519221,1293040000000.0,9926.422768
2016,Brazil,Rio de Janeiro,Argentina,,3,1,0,4,43590368,491493000000.0,10729.23258
2016,Brazil,Rio de Janeiro,Armenia,,1,3,0,4,2865835,13861183874.0,4670.008798
2016,Brazil,Rio de Janeiro,Norway,,0,0,4,4,5234519,482437000000.0,89202.75054
2016,Brazil,Rio de Janeiro,Lithuania,,0,1,3,4,2868231,65503849705.0,23433.39091
2016,Brazil,Rio de Janeiro,Slovenia,,1,2,1,4,2065042,61526331889.0,29200.81988
2016,Brazil,Rio de Janeiro,Romania,,1,1,2,4,19702267,284088000000.0,14861.90917
2016,Brazil,Rio de Janeiro,Bulgaria,,0,1,2,3,7127822,80271119426.0,11634.97102
2016,Brazil,Rio de Janeiro,Tunisia,,0,0,3,3,11685667,46840042941.0,3924.343925
2016,Brazil,Rio de Janeiro,Indonesia,,1,2,0,3,261850182,1186090000000.0,4291.812554
2016,Brazil,Rio de Janeiro,India,,0,1,1,2,1338636340,3173400000000.0,2277.434347
2016,Brazil,Rio de Janeiro,Mongolia,,0,1,1,2,3029555,15098022829.0,4534.918589
2016,Brazil,Rio de Janeiro,Israel,,0,0,2,2,8546000,481591000000.0,51430.07968
2016,Brazil,Rio de Janeiro,Ireland,,0,2,0,2,4755335,498560000000.0,99152.10257
2016,Brazil,Rio de Janeiro,Bahrain,,1,1,0,2,1409661,38868663032.0,22232.32523
2016,Brazil,Rio de Janeiro,Algeria,,0,2,0,2,40339329,167983000000.0,3765.034625
2016,Brazil,Rio de Janeiro,Niger,,0,1,0,1,20921743,14950949875.0,594.9251089
2016,Brazil,Rio de Janeiro,Grenada,,0,1,0,1,119966,1122083185.0,9928.621733
2016,Brazil,Rio de Janeiro,Philippines,,0,1,0,1,104875266,394086000000.0,3548.828323
2016,Brazil,Rio de Janeiro,Qatar,,0,1,0,1,2595166,179571000000.0,61275.99827
2016,Brazil,Rio de Janeiro,Burundi,,0,1,0,1,10903327,2902029386.0,236.7954142
2016,Brazil,Rio de Janeiro,Morocco,,0,0,1,1,35107264,132725000000.0,3496.758301
2016,Brazil,Rio de Janeiro,Finland,,0,0,1,1,5495303,299155000000.0,53982.61427
2016,Brazil,Rio de Janeiro,Nigeria,,0,0,1,1,188666931,440777000000.0,2085.030765
2016,Brazil,Rio de Janeiro,Trinidad and Tobago,,0,0,1,1,1469330,21391802311.0,15243.12287
2016,Brazil,Rio de Janeiro,Portugal,,0,0,1,1,10325452,249886000000.0,24262.18094
2016,Brazil,Rio de Janeiro,Austria,,0,0,1,1,8736668,477082000000.0,53267.93275
2016,Brazil,Rio de Janeiro,Estonia,,0,0,1,1,1315790,36262924354.0,27280.65844
2016,Brazil,Rio de Janeiro,Dominican Republic,,0,0,1,1,10527592,94243453937.0,8603.789905
2016,Brazil,Rio de Janeiro,Tajikistan,,1,0,0,1,8725318,8746270636.0,897.087902
2016,Brazil,Rio de Janeiro,Jordan,,1,0,0,1,9964656,45243661972.0,4405.839424
2016,Brazil,Rio de Janeiro,Fiji,,1,0,0,1,918371,4592118710.0,5085.971642
2016,Brazil,Rio de Janeiro,Kosovo,,1,0,0,1,1777557,9007159196.0,4986.582469
2016,Brazil,Rio de Janeiro,Singapore,,1,0,0,1,5607283,396987000000.0,72794.00302
2020,Japan,Tokyo,United States,USA,39,41,33,113,331511512,22996100000000.0,69287.53659
2020,Japan,Tokyo,China,CHN,38,32,18,88,1411100000,17734100000000.0,12556.33312
2020,Japan,Tokyo,Japan,JPN,27,14,17,58,126261000,4937420000000.0,39285.16311
2020,Japan,Tokyo,Australia,AUS,17,7,22,46,25649248,1542660000000.0,59934.12941
2020,Japan,Tokyo,Italy,ITA,10,10,20,40,59438851,2099880000000.0,35551.28499
2020,Japan,Tokyo,Germany,GER,10,11,16,37,83160871,4223120000000.0,50801.78671
2020,Japan,Tokyo,Netherlands,NED,10,12,14,36,17441500,1018010000000.0,58061.00167
2020,Japan,Tokyo,France,FRA,10,12,11,33,67571107,2937470000000.0,43518.53851
2020,Japan,Tokyo,Canada,CAN,7,6,11,24,38007166,1990760000000.0,52051.35146
2020,Japan,Tokyo,Brazil,BRA,7,6,8,21,213196304,1608980000000.0,7518.834284
2020,Japan,Tokyo,New Zealand,NZL,7,6,7,20,5090200,249992000000.0,48801.68513
2020,Japan,Tokyo,Hungary,HUN,6,7,7,20,9750149,182281000000.0,18772.67329
2020,Japan,Tokyo,Ukraine,UKR,1,6,12,19,44132049,200086000000.0,4835.571777
2020,Japan,Tokyo,Spain,ESP,3,8,6,17,47365655,1425280000000.0,30115.70589
2020,Japan,Tokyo,Poland,POL,4,5,5,14,37899070,674048000000.0,17840.92105
2020,Japan,Tokyo,Switzerland,SUI,3,4,6,13,8638167,812867000000.0,93457.4404
2020,Japan,Tokyo,Denmark,DEN,3,4,4,11,5831404,397104000000.0,67803.0471
2020,Japan,Tokyo,Kenya,KEN,4,4,2,10,51985780,110347000000.0,2006.83224
2020,Japan,Tokyo,Serbia,SRB,3,1,5,9,6899126,63068134601.0,9214.993546
2020,Japan,Tokyo,Sweden,SWE,3,6,0,9,10353442,627438000000.0,60238.98656
2020,Japan,Tokyo,Jamaica,JAM,4,1,4,9,2820436,13638230996.0,4586.650509
2020,Japan,Tokyo,Georgia,GEO,2,5,1,8,3722716,18700241392.0,5042.385528
2020,Japan,Tokyo,Croatia,CRO,3,3,2,8,4047680,67837788544.0,17398.76598
2020,Japan,Tokyo,Norway,NOR,4,2,2,8,5379475,482437000000.0,89202.75054
2020,Japan,Tokyo,Kazakhstan,KAZ,0,0,8,8,18755666,190814000000.0,10041.48984
2020,Japan,Tokyo,Belgium,BEL,3,1,3,7,11538604,599879000000.0,51767.78857
2020,Japan,Tokyo,Belarus,BLR,1,3,3,7,9379952,68218816484.0,7303.696266
2020,Japan,Tokyo,Austria,AUT,1,1,5,7,8916864,477082000000.0,53267.93275
2020,Japan,Tokyo,India,IND,1,2,4,7,1396387127,3173400000000.0,2277.434347
2020,Japan,Tokyo,Azerbaijan,AZE,0,3,4,7,10093121,54622176471.0,5384.034998
2020,Japan,Tokyo,Bulgaria,BUL,3,1,2,6,6934015,80271119426.0,11634.97102
2020,Japan,Tokyo,Slovenia,SLO,3,1,1,5,2102419,61526331889.0,29200.81988
2020,Japan,Tokyo,Uzbekistan,UZB,3,0,2,5,34232050,69238903106.0,1983.064723
2020,Japan,Tokyo,Dominican Republic,DOM,0,3,2,5,10999664,94243453937.0,8603.789905
2020,Japan,Tokyo,Indonesia,INA,1,1,3,5,271857970,1186090000000.0,4291.812554
2020,Japan,Tokyo,Colombia,COL,0,4,1,5,50930662,314322000000.0,6131.225922
2020,Japan,Tokyo,Israel,ISR,2,0,2,4,9215100,481591000000.0,51430.07968
2020,Japan,Tokyo,Greece,GRE,2,1,1,4,10698599,216241000000.0,20276.54467
2020,Japan,Tokyo,Uganda,UGA,2,1,1,4,44404611,40434701517.0,858.0575127
2020,Japan,Tokyo,Ireland,IRL,2,0,2,4,4985382,498560000000.0,99152.10257
2020,Japan,Tokyo,Romania,ROU,1,3,0,4,19265250,284088000000.0,14861.90917
2020,Japan,Tokyo,Mongolia,MGL,0,1,3,4,3294335,15098022829.0,4534.918589
2020,Japan,Tokyo,Mexico,MEX,0,0,4,4,125998302,1293040000000.0,9926.422768
2020,Japan,Tokyo,Portugal,POR,1,1,2,4,10297081,249886000000.0,24262.18094
2020,Japan,Tokyo,Ethiopia,ETH,1,1,2,4,117190911,111271000000.0,943.9656842
2020,Japan,Tokyo,Philippines,PHI,1,2,1,4,112190977,394086000000.0,3548.828323
2020,Japan,Tokyo,Armenia,ARM,0,2,2,4,2805608,13861183874.0,4670.008798
2020,Japan,Tokyo,Qatar,QAT,2,0,1,3,2760385,179571000000.0,61275.99827
2020,Japan,Tokyo,Ecuador,ECU,2,1,0,3,17588595,106166000000.0,5934.875496
2020,Japan,Tokyo,Argentina,ARG,0,1,2,3,45376763,491493000000.0,10729.23258
2020,Japan,Tokyo,South Africa,RSA,1,2,0,3,58801927,419946000000.0,6994.211654
2020,Japan,Tokyo,Kosovo,KOS,2,0,0,2,1790133,9007159196.0,4986.582469
2020,Japan,Tokyo,Nigeria,NGR,0,1,1,2,208327405,440777000000.0,2085.030765
2020,Japan,Tokyo,Malaysia,MAS,0,1,1,2,33199993,372701000000.0,11371.09902
2020,Japan,Tokyo,Jordan,JOR,0,1,1,2,10928721,45243661972.0,4405.839424
2020,Japan,Tokyo,Finland,FIN,0,0,2,2,5529543,299155000000.0,53982.61427
2020,Japan,Tokyo,Tunisia,TUN,1,1,0,2,12161723,46840042941.0,3924.343925
2020,Japan,Tokyo,Fiji,FIJ,1,0,1,2,920422,4592118710.0,5085.971642
2020,Japan,Tokyo,Estonia,EST,1,0,1,2,1329522,36262924354.0,27280.65844
2020,Japan,Tokyo,Latvia,LAT,1,0,1,2,1900449,38872546229.0,20642.16792
2020,Japan,Tokyo,Thailand,THA,1,0,1,2,71475664,505982000000.0,7233.388858
2020,Japan,Tokyo,Lithuania,LTU,0,1,0,1,2794885,65503849705.0,23433.39091
2020,Japan,Tokyo,Bahrain,BRN,0,1,0,1,1477469,38868663032.0,22232.32523
2020,Japan,Tokyo,Namibia,NAM,0,1,0,1,2489098,12236250784.0,4729.270937
2020,Japan,Tokyo,Saudi Arabia,KSA,0,1,0,1,35997107,833541000000.0,23585.88563
2020,Japan,Tokyo,North Macedonia,MKD,0,1,0,1,2072531,13879269152.0,6720.896285
2020,Japan,Tokyo,Grenada,GRN,0,0,1,1,123663,1122083185.0,9928.621733
2020,Japan,Tokyo,Moldova,MDA,0,0,1,1,2635130,13679221333.0,5314.531461
2020,Japan,Tokyo,Ghana,GHA,0,0,1,1,32180401,77594279055.0,2445.290749
2020,Japan,Tokyo,Burkina Faso,BUR,0,0,1,1,21522626,19737615114.0,918.1525819
2020,Japan,Tokyo,Botswana,BOT,0,0,1,1,2546402,17613846473.0,7347.552382
2020,Japan,Tokyo,Morocco,MAR,1,0,0,1,36688772,132725000000.0,3496.758301
2020,Japan,Tokyo,Bermuda,BER,1,0,0,1,63893,7080900000.0,110869.4631
2024,France,Paris,United States,USA,40,44,42,126,341814420,22996100000000.0,69287.53659
2024,France,Paris,China,CHN,40,27,24,91,1425178782,17734100000000.0,12556.33312
2024,France,Paris,France,FRA,16,26,22,64,64881830,2937470000000.0,43518.53851
2024,France,Paris,Australia,AUS,18,19,16,53,26699482,1542660000000.0,59934.12941
2024,France,Paris,Japan,JPN,20,12,13,45,122631432,4937420000000.0,39285.16311
2024,France,Paris,Italy,ITA,12,13,15,40,58697744,2099880000000.0,35551.28499
2024,France,Paris,Netherlands,NED,15,7,12,34,17671125,1018010000000.0,58061.00167
2024,France,Paris,Germany,GER,12,13,8,33,83252474,4223120000000.0,50801.78671
2024,France,Paris,Canada,CAN,9,7,11,27,39107046,1990760000000.0,52051.35146
2024,France,Paris,New Zealand,NZL,10,7,3,20,5269939,249992000000.0,48801.68513
2024,France,Paris,Brazil,BRA,3,7,10,20,217637297,1608980000000.0,7518.834284
2024,France,Paris,Hungary,HUN,6,7,6,19,9994993,182281000000.0,18772.67329
2024,France,Paris,Spain,ESP,5,4,9,18,47473373,1425280000000.0,30115.70589
2024,France,Paris,Uzbekistan,UZB,8,2,3,13,35673804,69238903106.0,1983.064723
2024,France,Paris,Ukraine,UKR,3,5,4,12,37937821,200086000000.0,4835.571777
2024,France,Paris,Sweden,SWE,4,4,3,11,10673669,627438000000.0,60238.98656
2024,France,Paris,Kenya,KEN,4,2,5,11,56203030,110347000000.0,2006.83224
2024,France,Paris,Belgium,BEL,3,1,6,10,11715774,599879000000.0,51767.78857
2024,France,Paris,Poland,POL,1,4,5,10,40221726,674048000000.0,17840.92105
2024,France,Paris,Romania,ROU,3,4,2,9,19618996,284088000000.0,14861.90917
2024,France,Paris,Denmark,DEN,2,2,5,9,5939695,397104000000.0,67803.0471
2024,France,Paris,Norway,NOR,4,1,3,8,5514477,482437000000.0,89202.75054
2024,France,Paris,Switzerland,SUI,1,2,5,8,8851431,812867000000.0,93457.4404
2024,France,Paris,Greece,GRE,1,1,6,8,10302720,216241000000.0,20276.54467
2024,France,Paris,Ireland,IRL,4,0,3,7,5089478,498560000000.0,99152.10257
2024,France,Paris,Georgia,GEO,3,3,1,7,3717425,18700241392.0,5042.385528
2024,France,Paris,Bulgaria,BUL,3,1,3,7,6618615,80271119426.0,11634.97102
2024,France,Paris,Croatia,CRO,2,2,3,7,3986627,67837788544.0,17398.76598
2024,France,Paris,Azerbaijan,AZE,2,2,3,7,10462904,54622176471.0,5384.034998
2024,France,Paris,Israel,ISR,1,5,1,7,9311652,481591000000.0,51430.07968
2024,France,Paris,Kazakhstan,KAZ,1,3,3,7,19828165,190814000000.0,10041.48984
2024,France,Paris,Jamaica,JAM,1,3,2,6,2824738,13638230996.0,4586.650509
2024,France,Paris,Thailand,THA,1,3,2,6,71885799,505982000000.0,7233.388858
2024,France,Paris,South Africa,RSA,1,3,2,6,61020221,419946000000.0,6994.211654
2024,France,Paris,India,IND,0,1,5,6,1441719852,3173400000000.0,2277.434347
2024,France,Paris,Serbia,SRB,3,1,1,5,7097028,63068134601.0,9214.993546
2024,France,Paris,Austria,AUT,2,0,3,5,8977139,477082000000.0,53267.93275
2024,France,Paris,Ecuador,ECU,1,2,2,5,18377367,106166000000.0,5934.875496
2024,France,Paris,Mexico,MEX,0,3,2,5,129388467,1293040000000.0,9926.422768
2024,France,Paris,Bahrain,BRN,2,1,1,4,1498712,38868663032.0,22232.32523
2024,France,Paris,Philippines,PHI,2,0,2,4,119106224,394086000000.0,3548.828323
2024,France,Paris,Ethiopia,ETH,1,3,0,4,129719719,111271000000.0,943.9656842
2024,France,Paris,Portugal,POR,1,2,1,4,10223349,249886000000.0,24262.18094
2024,France,Paris,Colombia,COL,0,3,1,4,52340774,314322000000.0,6131.225922
2024,France,Paris,Armenia,ARM,0,3,1,4,2777979,13861183874.0,4670.008798
2024,France,Paris,Lithuania,LTU,0,2,2,4,2692798,65503849705.0,23433.39091
2024,France,Paris,Moldova,MDA,0,1,3,4,3329865,13679221333.0,5314.531461
2024,France,Paris,Slovenia,SLO,2,1,0,3,2118965,61526331889.0,29200.81988
2024,France,Paris,Indonesia,INA,2,0,1,3,279798049,1186090000000.0,4291.812554
2024,France,Paris,Algeria,ALG,2,0,1,3,46278751,167983000000.0,3765.034625
2024,France,Paris,Argentina,ARG,1,1,1,3,46057866,491493000000.0,10729.23258
2024,France,Paris,Tunisia,TUN,1,1,1,3,12564689,46840042941.0,3924.343925
2024,France,Paris,Tajikistan,TJK,0,0,3,3,10331513,8746270636.0,897.087902
2024,France,Paris,Chile,CHI,1,1,0,2,19658839,317059000000.0,16502.83857
2024,France,Paris,Uganda,UGA,1,1,0,2,49924252,40434701517.0,858.0575127
2024,France,Paris,Botswana,BOT,1,1,0,2,2719694,17613846473.0,7347.552382
2024,France,Paris,Dominican Republic,DOM,1,0,1,2,11434005,94243453937.0,8603.789905
2024,France,Paris,Morocco,MAR,1,0,1,2,38211459,132725000000.0,3496.758301
2024,France,Paris,Albania,ALB,0,0,2,2,2826020,18260043500.0,6494.385713
2024,France,Paris,Grenada,GRN,0,0,2,2,126887,1122083185.0,9928.621733
2024,France,Paris,Malaysia,MAS,0,0,2,2,34671895,372701000000.0,11371.09902
2024,France,Paris,Pakistan,PAK,1,0,0,1,245209815,346343000000.0,1537.936411
2024,France,Paris,Dominica,DMA,1,0,0,1,73368,545618518.5,7559.975039
2024,France,Paris,Panama,PAN,0,1,0,1,4527961,63605065800.0,14516.45805
2024,France,Paris,Jordan,JOR,0,1,0,1,11384922,45243661972.0,4405.839424
2024,France,Paris,Cyprus,CYP,0,1,0,1,1268467,27719337670.0,30798.47656
2024,France,Paris,Mongolia,MGL,0,1,0,1,3493629,15098022829.0,4534.918589
2024,France,Paris,Fiji,FIJ,0,1,0,1,943072,4592118710.0,5085.971642
2024,France,Paris,Qatar,QAT,0,0,1,1,2737061,179571000000.0,61275.99827
2024,France,Paris,Zambia,ZAM,0,0,1,1,21134695,21203059080.0,1120.630171
2024,France,Paris,Singapore,SIN,0,0,1,1,6052709,396987000000.0,72794.00302
2024,France,Paris,Peru,PER,0,0,1,1,34683444,223249000000.0,6692.248375
